{"cameraMode":{"drawMode":0,"name":"Shaded","section":"Shading Mode"},"sceneLighting":true,"audioPlay":false,"sceneViewState":{"showFog":true,"showMaterialUpdate":false,"showSkybox":true,"showFlares":true,"showImageEffects":true,"showParticleSystems":true,"showVisualEffectGraphs":true,"m_FxEnabled":true},"in2DMode":false,"pivot":{"x":-817.9398803710938,"y":-0.1750517636537552,"z":-347.99334716796877},"rotation":{"x":-0.012309296987950802,"y":-0.008403168059885502,"z":0.00011377716873539612,"w":-0.9999601244926453},"size":1.001283884048462,"orthographic":false}