{"cameraMode":{"drawMode":0,"name":"Shaded","section":"Shading Mode"},"sceneLighting":true,"audioPlay":false,"sceneViewState":{"showFog":true,"showMaterialUpdate":false,"showSkybox":true,"showFlares":true,"showImageEffects":true,"showParticleSystems":true,"showVisualEffectGraphs":true,"m_FxEnabled":true},"in2DMode":false,"pivot":{"x":-818.9599609375,"y":-0.22296342253684998,"z":-343.73016357421877},"rotation":{"x":0.028801817446947099,"y":-0.017995281144976617,"z":0.0005811635637655854,"w":0.9995027184486389},"size":2.9950084686279299,"orthographic":false}