{"cameraMode":{"drawMode":0,"name":"Shaded","section":"Shading Mode"},"sceneLighting":true,"audioPlay":false,"sceneViewState":{"showFog":true,"showMaterialUpdate":false,"showSkybox":true,"showFlares":true,"showImageEffects":true,"showParticleSystems":true,"showVisualEffectGraphs":true,"m_FxEnabled":true},"in2DMode":false,"pivot":{"x":-827.3378295898438,"y":12.601065635681153,"z":-222.61085510253907},"rotation":{"x":-0.15558217465877534,"y":-0.13967373967170716,"z":0.022258542478084565,"w":-0.9777206778526306},"size":6.880619049072266,"orthographic":false}