{"cameraMode":{"drawMode":0,"name":"Shaded","section":"Shading Mode"},"sceneLighting":true,"audioPlay":false,"sceneViewState":{"showFog":true,"showMaterialUpdate":false,"showSkybox":true,"showFlares":true,"showImageEffects":true,"showParticleSystems":true,"showVisualEffectGraphs":true,"m_FxEnabled":true},"in2DMode":false,"pivot":{"x":-818.3798828125,"y":-0.6765874624252319,"z":-327.8487854003906},"rotation":{"x":-0.0078111193142831329,"y":0.009598428383469582,"z":0.000018495431504561566,"w":-0.9999827146530151},"size":14.93390941619873,"orthographic":false}